date,bank_rate,instant_access_deposit_rate,time_deposit_rate,instant_access_quoted_rate,cpi_annual_rate,real_rate_time_deposits,real_rate_instant_access,loyalty_gap
1989-01-01,,,,,4.9,,,
1989-02-01,,,,,5.0,,,
1989-03-01,,,,,5.0,,,
1989-04-01,,,,,5.3,,,
1989-05-01,,,,,5.3,,,
1989-06-01,,,,,5.2,,,
1989-07-01,,,,,5.2,,,
1989-08-01,,,,,5.0,,,
1989-09-01,,,,,5.2,,,
1989-10-01,,,,,5.5,,,
1989-11-01,,,,,5.5,,,
1989-12-01,,,,,5.5,,,
1990-01-01,,,,,5.7,,,
1990-02-01,,,,,5.9,,,
1990-03-01,,,,,6.0,,,
1990-04-01,,,,,6.4,,,
1990-05-01,,,,,6.8,,,
1990-06-01,,,,,6.9,,,
1990-07-01,,,,,6.8,,,
1990-08-01,,,,,7.7,,,
1990-09-01,,,,,8.1,,,
1990-10-01,,,,,8.1,,,
1990-11-01,,,,,7.8,,,
1990-12-01,,,,,7.6,,,
1991-01-01,,,,,7.1,,,
1991-02-01,,,,,7.0,,,
1991-03-01,,,,,6.9,,,
1991-04-01,,,,,8.4,,,
1991-05-01,,,,,8.2,,,
1991-06-01,,,,,8.4,,,
1991-07-01,,,,,8.3,,,
1991-08-01,,,,,7.9,,,
1991-09-01,,,,,7.1,,,
1991-10-01,,,,,6.8,,,
1991-11-01,,,,,7.1,,,
1991-12-01,,,,,7.2,,,
1992-01-01,,,,,7.0,,,
1992-02-01,,,,,6.9,,,
1992-03-01,,,,,7.1,,,
1992-04-01,,,,,4.7,,,
1992-05-01,,,,,4.3,,,
1992-06-01,,,,,3.8,,,
1992-07-01,,,,,3.6,,,
1992-08-01,,,,,3.0,,,
1992-09-01,,,,,3.0,,,
1992-10-01,,,,,2.9,,,
1992-11-01,,,,,2.6,,,
1992-12-01,,,,,2.6,,,
1993-01-01,,,,,2.2,,,
1993-02-01,,,,,2.4,,,
1993-03-01,,,,,2.5,,,
1993-04-01,,,,,2.5,,,
1993-05-01,,,,,2.5,,,
1993-06-01,,,,,2.4,,,
1993-07-01,,,,,2.6,,,
1993-08-01,,,,,2.9,,,
1993-09-01,,,,,3.1,,,
1993-10-01,,,,,2.6,,,
1993-11-01,,,,,2.3,,,
1993-12-01,,,,,2.4,,,
1994-01-01,,,,,2.7,,,
1994-02-01,,,,,2.5,,,
1994-03-01,,,,,2.2,,,
1994-04-01,,,,,2.0,,,
1994-05-01,,,,,2.0,,,
1994-06-01,,,,,2.0,,,
1994-07-01,,,,,1.7,,,
1994-08-01,,,,,1.9,,,
1994-09-01,,,,,1.5,,,
1994-10-01,,,,,1.5,,,
1994-11-01,,,,,1.8,,,
1994-12-01,,,,,2.0,,,
1995-01-01,,,,,2.4,,,
1995-02-01,,,,,2.4,,,
1995-03-01,,,,,2.6,,,
1995-04-01,,,,,2.3,,,
1995-05-01,,,,,2.5,,,
1995-06-01,,,,,2.6,,,
1995-07-01,,,,,2.7,,,
1995-08-01,,,,,2.6,,,
1995-09-01,,,,,3.0,,,
1995-10-01,,,,,2.9,,,
1995-11-01,,,,,2.8,,,
1995-12-01,,,,,3.0,,,
1996-01-01,,,,,2.6,,,
1996-02-01,,,,,2.7,,,
1996-03-01,,,,,2.6,,,
1996-04-01,,,,,2.5,,,
1996-05-01,,,,,2.3,,,
1996-06-01,,,,,2.3,,,
1996-07-01,,,,,2.2,,,
1996-08-01,,,,,2.3,,,
1996-09-01,,,,,2.3,,,
1996-10-01,,,,,2.5,,,
1996-11-01,,,,,2.6,,,
1996-12-01,,,,,2.3,,,
1997-01-01,,,,,2.1,,,
1997-02-01,,,,,1.9,,,
1997-03-01,,,,,1.7,,,
1997-04-01,,,,,1.6,,,
1997-05-01,,,,,1.6,,,
1997-06-01,,,,,1.7,,,
1997-07-01,,,,,2.0,,,
1997-08-01,,,,,2.0,,,
1997-09-01,,,,,1.8,,,
1997-10-01,,,,,1.9,,,
1997-11-01,,,,,1.9,,,
1997-12-01,,,,,1.7,,,
1998-01-01,,,,,1.5,,,
1998-02-01,,,,,1.6,,,
1998-03-01,,,,,1.7,,,
1998-04-01,,,,,1.8,,,
1998-05-01,,,,,2.0,,,
1998-06-01,,,,,1.7,,,
1998-07-01,,,,,1.4,,,
1998-08-01,,,,,1.3,,,
1998-09-01,,,,,1.4,,,
1998-10-01,,,,,1.4,,,
1998-11-01,,,,,1.4,,,
1998-12-01,,,,,1.6,,,
1999-01-01,6.0,,,,1.6,,,
1999-02-01,5.5,,,,1.4,,,
1999-03-01,5.5,,,,1.7,,,
1999-04-01,5.25,,,,1.5,,,
1999-05-01,5.25,,,,1.3,,,
1999-06-01,5.0,,,,1.3,,,
1999-07-01,5.0,,,,1.3,,,
1999-08-01,5.0,,,,1.2,,,
1999-09-01,5.25,,,,1.2,,,
1999-10-01,5.25,,,,1.1,,,
1999-11-01,5.5,,,,1.2,,,
1999-12-01,5.5,,,,1.1,,,
2000-01-01,5.75,,,,0.8,,,
2000-02-01,6.0,,,,0.9,,,
2000-03-01,6.0,,,,0.6,,,
2000-04-01,6.0,,,,0.6,,,
2000-05-01,6.0,,,,0.5,,,
2000-06-01,6.0,,,,0.8,,,
2000-07-01,6.0,,,,0.9,,,
2000-08-01,6.0,,,,0.6,,,
2000-09-01,6.0,,,,1.0,,,
2000-10-01,6.0,,,,1.0,,,
2000-11-01,6.0,,,,1.1,,,
2000-12-01,6.0,,,,0.8,,,
2001-01-01,6.0,,,,0.9,,,
2001-02-01,5.75,,,,0.8,,,
2001-03-01,5.75,,,,0.9,,,
2001-04-01,5.5,,,,1.2,,,
2001-05-01,5.25,,,,1.7,,,
2001-06-01,5.25,,,,1.7,,,
2001-07-01,5.25,,,,1.4,,,
2001-08-01,5.0,,,,1.8,,,
2001-09-01,4.75,,,,1.3,,,
2001-10-01,4.5,,,,1.2,,,
2001-11-01,4.0,,,,0.8,,,
2001-12-01,4.0,,,,1.1,,,
2002-01-01,4.0,,,,1.6,,,
2002-02-01,4.0,,,,1.5,,,
2002-03-01,4.0,,,,1.5,,,
2002-04-01,4.0,,,,1.4,,,
2002-05-01,4.0,,,,0.8,,,
2002-06-01,4.0,,,,0.6,,,
2002-07-01,4.0,,,,1.1,,,
2002-08-01,4.0,,,,1.0,,,
2002-09-01,4.0,,,,1.0,,,
2002-10-01,4.0,,,,1.4,,,
2002-11-01,4.0,,,,1.5,,,
2002-12-01,4.0,,,,1.7,,,
2003-01-01,4.0,,,,1.3,,,
2003-02-01,3.75,,,,1.6,,,
2003-03-01,3.75,,,,1.5,,,
2003-04-01,3.75,,,,1.4,,,
2003-05-01,3.75,,,,1.3,,,
2003-06-01,3.75,,,,1.1,,,
2003-07-01,3.5,,,,1.3,,,
2003-08-01,3.5,,,,1.4,,,
2003-09-01,3.5,,,,1.4,,,
2003-10-01,3.5,,,,1.4,,,
2003-11-01,3.75,,,,1.3,,,
2003-12-01,3.75,,,,1.3,,,
2004-01-01,3.75,,,,1.4,,,
2004-02-01,4.0,,,,1.3,,,
2004-03-01,4.0,,,,1.1,,,
2004-04-01,4.0,,,,1.1,,,
2004-05-01,4.25,,,,1.5,,,
2004-06-01,4.5,,,,1.6,,,
2004-07-01,4.5,,,,1.4,,,
2004-08-01,4.75,,,,1.3,,,
2004-09-01,4.75,,,,1.1,,,
2004-10-01,4.75,,,,1.2,,,
2004-11-01,4.75,,,,1.5,,,
2004-12-01,4.75,,,,1.7,,,
2005-01-01,4.75,,,,1.6,,,
2005-02-01,4.75,,,,1.7,,,
2005-03-01,4.75,,,,1.9,,,
2005-04-01,4.75,,,,1.9,,,
2005-05-01,4.75,,,,1.9,,,
2005-06-01,4.75,,,,2.0,,,
2005-07-01,4.75,,,,2.3,,,
2005-08-01,4.5,,,,2.4,,,
2005-09-01,4.5,,,,2.5,,,
2005-10-01,4.5,,,,2.3,,,
2005-11-01,4.5,,,,2.1,,,
2005-12-01,4.5,,,,1.9,,,
2006-01-01,4.5,,,,1.9,,,
2006-02-01,4.5,,,,2.0,,,
2006-03-01,4.5,,,,1.8,,,
2006-04-01,4.5,,,,2.0,,,
2006-05-01,4.5,,,,2.2,,,
2006-06-01,4.5,,,,2.5,,,
2006-07-01,4.5,,,,2.4,,,
2006-08-01,4.75,,,,2.5,,,
2006-09-01,4.75,,,,2.4,,,
2006-10-01,4.75,,,,2.4,,,
2006-11-01,5.0,,,,2.7,,,
2006-12-01,5.0,,,,3.0,,,
2007-01-01,5.25,,,,2.7,,,
2007-02-01,5.25,,,,2.8,,,
2007-03-01,5.25,,,,3.1,,,
2007-04-01,5.25,,,,2.8,,,
2007-05-01,5.5,,,,2.5,,,
2007-06-01,5.5,,,,2.4,,,
2007-07-01,5.75,,,,1.9,,,
2007-08-01,5.75,,,,1.8,,,
2007-09-01,5.75,,,,1.8,,,
2007-10-01,5.75,,,,2.1,,,
2007-11-01,5.75,,,,2.1,,,
2007-12-01,5.5,,,,2.1,,,
2008-01-01,5.5,,,,2.2,,,
2008-02-01,5.25,,,,2.5,,,
2008-03-01,5.25,,,,2.5,,,
2008-04-01,5.0,,,,3.0,,,
2008-05-01,5.0,,,,3.3,,,
2008-06-01,5.0,,,,3.8,,,
2008-07-01,5.0,,,,4.4,,,
2008-08-01,5.0,,,,4.7,,,
2008-09-01,5.0,,,,5.2,,,
2008-10-01,4.5,,,,4.5,,,
2008-11-01,3.0,,,,4.1,,,
2008-12-01,2.0,,,,3.1,,,
2009-01-01,1.5,,,,3.0,,,
2009-02-01,1.0,,,,3.2,,,
2009-03-01,0.5,,,,2.9,,,
2009-04-01,0.5,,,,2.3,,,
2009-05-01,0.5,,,,2.2,,,
2009-06-01,0.5,,,,1.8,,,
2009-07-01,0.5,,,,1.8,,,
2009-08-01,0.5,,,,1.6,,,
2009-09-01,0.5,,,,1.1,,,
2009-10-01,0.5,,,,1.5,,,
2009-11-01,0.5,,,,1.9,,,
2009-12-01,0.5,,,,2.9,,,
2010-01-01,0.5,,,,3.5,,,
2010-02-01,0.5,,,,3.0,,,
2010-03-01,0.5,,,,3.4,,,
2010-04-01,0.5,,,,3.7,,,
2010-05-01,0.5,,,,3.4,,,
2010-06-01,0.5,,,,3.2,,,
2010-07-01,0.5,,,,3.1,,,
2010-08-01,0.5,,,,3.1,,,
2010-09-01,0.5,,,,3.1,,,
2010-10-01,0.5,,,,3.2,,,
2010-11-01,0.5,,,,3.3,,,
2010-12-01,0.5,,,,3.7,,,
2011-01-01,0.5,,,0.53,4.0,,,
2011-02-01,0.5,,,0.49,4.4,,,
2011-03-01,0.5,,,0.49,4.0,,,
2011-04-01,0.5,,,0.49,4.5,,,
2011-05-01,0.5,,,0.49,4.5,,,
2011-06-01,0.5,,,0.5,4.2,,,
2011-07-01,0.5,,,0.5,4.4,,,
2011-08-01,0.5,,,0.5,4.5,,,
2011-09-01,0.5,,,0.53,5.2,,,
2011-10-01,0.5,,,0.53,5.0,,,
2011-11-01,0.5,,,0.54,4.8,,,
2011-12-01,0.5,,,0.54,4.2,,,
2012-01-01,0.5,,,0.48,3.6,,,
2012-02-01,0.5,,,0.48,3.4,,,
2012-03-01,0.5,,,0.48,3.5,,,
2012-04-01,0.5,,,0.48,3.0,,,
2012-05-01,0.5,,,0.48,2.8,,,
2012-06-01,0.5,,,0.48,2.4,,,
2012-07-01,0.5,,,0.48,2.6,,,
2012-08-01,0.5,,,0.48,2.5,,,
2012-09-01,0.5,,,0.48,2.2,,,
2012-10-01,0.5,,,0.48,2.7,,,
2012-11-01,0.5,,,0.47,2.7,,,
2012-12-01,0.5,,,0.48,2.7,,,
2013-01-01,0.5,,,0.53,2.7,,,
2013-02-01,0.5,,,0.51,2.8,,,
2013-03-01,0.5,,,0.55,2.8,,,
2013-04-01,0.5,,,0.55,2.4,,,
2013-05-01,0.5,,,0.56,2.7,,,
2013-06-01,0.5,,,0.56,2.9,,,
2013-07-01,0.5,,,0.45,2.8,,,
2013-08-01,0.5,,,0.44,2.7,,,
2013-09-01,0.5,,,0.44,2.7,,,
2013-10-01,0.5,,,0.44,2.2,,,
2013-11-01,0.5,,,0.44,2.1,,,
2013-12-01,0.5,,,0.5,2.0,,,
2014-01-01,0.5,,,0.47,1.9,,,
2014-02-01,0.5,,,0.49,1.7,,,
2014-03-01,0.5,,,0.49,1.6,,,
2014-04-01,0.5,,,0.49,1.8,,,
2014-05-01,0.5,,,0.49,1.5,,,
2014-06-01,0.5,,,0.48,1.9,,,
2014-07-01,0.5,,,0.43,1.6,,,
2014-08-01,0.5,,,0.43,1.5,,,
2014-09-01,0.5,,,0.42,1.2,,,
2014-10-01,0.5,,,0.44,1.3,,,
2014-11-01,0.5,,,0.42,1.0,,,
2014-12-01,0.5,,,0.42,0.5,,,
2015-01-01,0.5,,,0.38,0.3,,,
2015-02-01,0.5,,,0.38,0.0,,,
2015-03-01,0.5,,,0.38,0.0,,,
2015-04-01,0.5,,,0.38,-0.1,,,
2015-05-01,0.5,,,0.4,0.1,,,
2015-06-01,0.5,,,0.38,0.0,,,
2015-07-01,0.5,,,0.39,0.1,,,
2015-08-01,0.5,,,0.39,0.0,,,
2015-09-01,0.5,,,0.39,-0.1,,,
2015-10-01,0.5,,,0.39,-0.1,,,
2015-11-01,0.5,,,0.39,0.1,,,
2015-12-01,0.5,,,0.38,0.2,,,
2016-01-01,0.5,0.76,1.44,0.37,0.3,1.14,0.46,-0.39
2016-02-01,0.5,0.75,1.44,0.33,0.3,1.14,0.45,-0.42
2016-03-01,0.5,0.75,1.42,0.33,0.5,0.9199999999999999,0.25,-0.42
2016-04-01,0.5,0.71,1.38,0.3,0.3,1.0799999999999998,0.41,-0.41
2016-05-01,0.5,0.68,1.36,0.3,0.3,1.06,0.38000000000000006,-0.38000000000000006
2016-06-01,0.5,0.69,1.32,0.3,0.5,0.8200000000000001,0.18999999999999995,-0.38999999999999996
2016-07-01,0.5,0.69,1.29,0.3,0.6,0.6900000000000001,0.08999999999999997,-0.38999999999999996
2016-08-01,0.25,0.66,1.27,0.25,0.6,0.67,0.06000000000000005,-0.41000000000000003
2016-09-01,0.25,0.62,1.22,0.24,1.0,0.21999999999999997,-0.38,-0.38
2016-10-01,0.25,0.62,1.18,0.22,0.9,0.2799999999999999,-0.28,-0.4
2016-11-01,0.25,0.48,1.12,0.22,1.2,-0.07999999999999985,-0.72,-0.26
2016-12-01,0.25,0.41,1.05,0.12,1.6,-0.55,-1.1900000000000002,-0.29
2017-01-01,0.25,0.38,1.02,0.12,1.8,-0.78,-1.42,-0.26
2017-02-01,0.25,0.38,0.99,0.13,2.3,-1.3099999999999998,-1.92,-0.25
2017-03-01,0.25,0.37,0.96,0.13,2.3,-1.3399999999999999,-1.9299999999999997,-0.24
2017-04-01,0.25,0.37,0.93,0.13,2.7,-1.77,-2.33,-0.24
2017-05-01,0.25,0.37,0.91,0.13,2.9,-1.9899999999999998,-2.53,-0.24
2017-06-01,0.25,0.36,0.89,0.12,2.6,-1.71,-2.24,-0.24
2017-07-01,0.25,0.36,0.87,0.12,2.6,-1.73,-2.24,-0.24
2017-08-01,0.25,0.35,0.86,0.12,2.9,-2.04,-2.55,-0.22999999999999998
2017-09-01,0.25,0.36,0.85,0.11,3.0,-2.15,-2.64,-0.25
2017-10-01,0.25,0.36,0.84,0.09,3.0,-2.16,-2.64,-0.27
2017-11-01,0.5,0.37,0.82,0.1,3.1,-2.2800000000000002,-2.73,-0.27
2017-12-01,0.5,0.46,0.89,0.19,3.0,-2.11,-2.54,-0.27
2018-01-01,0.5,0.45,0.9,0.19,3.0,-2.1,-2.55,-0.26
2018-02-01,0.5,0.46,0.9,0.19,2.7,-1.8000000000000003,-2.24,-0.27
2018-03-01,0.5,0.46,0.9,0.19,2.5,-1.6,-2.04,-0.27
2018-04-01,0.5,0.45,0.9,0.19,2.4,-1.5,-1.95,-0.26
2018-05-01,0.5,0.45,0.9,0.19,2.4,-1.5,-1.95,-0.26
2018-06-01,0.5,0.44,0.9,0.19,2.4,-1.5,-1.96,-0.25
2018-07-01,0.5,0.43,0.9,0.2,2.5,-1.6,-2.07,-0.22999999999999998
2018-08-01,0.75,0.44,0.89,0.2,2.7,-1.81,-2.2600000000000002,-0.24
2018-09-01,0.75,0.5,0.92,0.25,2.4,-1.48,-1.9,-0.25
2018-10-01,0.75,0.49,0.93,0.25,2.4,-1.4699999999999998,-1.91,-0.24
2018-11-01,0.75,0.49,0.93,0.25,2.3,-1.3699999999999997,-1.8099999999999998,-0.24
2018-12-01,0.75,0.52,0.93,0.25,2.1,-1.17,-1.58,-0.27
2019-01-01,0.75,0.5,0.94,0.25,1.8,-0.8600000000000001,-1.3,-0.25
2019-02-01,0.75,0.49,0.95,0.43,1.9,-0.95,-1.41,-0.06
2019-03-01,0.75,0.5,0.96,0.43,1.9,-0.94,-1.4,-0.07
2019-04-01,0.75,0.51,0.99,0.44,2.1,-1.11,-1.59,-0.07
2019-05-01,0.75,0.5,0.99,0.43,2.0,-1.01,-1.5,-0.07
2019-06-01,0.75,0.5,0.99,0.42,2.0,-1.01,-1.5,-0.08000000000000002
2019-07-01,0.75,0.49,1.0,0.41,2.1,-1.1,-1.61,-0.08000000000000002
2019-08-01,0.75,0.48,0.98,0.42,1.7,-0.72,-1.22,-0.06
2019-09-01,0.75,0.48,0.98,0.42,1.7,-0.72,-1.22,-0.06
2019-10-01,0.75,0.48,0.97,0.43,1.5,-0.53,-1.02,-0.04999999999999999
2019-11-01,0.75,0.47,0.96,0.41,1.5,-0.54,-1.03,-0.06
2019-12-01,0.75,0.48,0.95,0.4,1.3,-0.3500000000000001,-0.8200000000000001,-0.07999999999999996
2020-01-01,0.75,0.46,0.95,0.39,1.8,-0.8500000000000001,-1.34,-0.07
2020-02-01,0.75,0.46,0.94,0.39,1.7,-0.76,-1.24,-0.07
2020-03-01,0.1,0.45,0.94,0.36,1.5,-0.56,-1.05,-0.09000000000000002
2020-04-01,0.1,0.41,0.9,0.26,0.8,0.09999999999999998,-0.39000000000000007,-0.14999999999999997
2020-05-01,0.1,0.29,0.73,0.21,0.5,0.22999999999999998,-0.21000000000000002,-0.07999999999999999
2020-06-01,0.1,0.26,0.64,0.16,0.6,0.040000000000000036,-0.33999999999999997,-0.1
2020-07-01,0.1,0.21,0.6,0.09,1.0,-0.4,-0.79,-0.12
2020-08-01,0.1,0.14,0.57,0.06,0.2,0.36999999999999994,-0.06,-0.08000000000000002
2020-09-01,0.1,0.13,0.56,0.07,0.5,0.06000000000000005,-0.37,-0.06
2020-10-01,0.1,0.12,0.55,0.07,0.7,-0.1499999999999999,-0.58,-0.04999999999999999
2020-11-01,0.1,0.12,0.53,0.06,0.3,0.23000000000000004,-0.18,-0.06
2020-12-01,0.1,0.12,0.51,0.06,0.6,-0.08999999999999997,-0.48,-0.06
2021-01-01,0.1,0.12,0.49,0.06,0.7,-0.20999999999999996,-0.58,-0.06
2021-02-01,0.1,0.12,0.48,0.06,0.4,0.07999999999999996,-0.28,-0.06
2021-03-01,0.1,0.11,0.46,0.06,0.7,-0.23999999999999994,-0.59,-0.05
2021-04-01,0.1,0.1,0.44,0.06,1.5,-1.06,-1.4,-0.04000000000000001
2021-05-01,0.1,0.1,0.42,0.06,2.1,-1.6800000000000002,-2.0,-0.04000000000000001
2021-06-01,0.1,0.1,0.4,0.06,2.5,-2.1,-2.4,-0.04000000000000001
2021-07-01,0.1,0.1,0.38,0.07,2.0,-1.62,-1.9,-0.03
2021-08-01,0.1,0.09,0.37,0.08,3.2,-2.83,-3.1100000000000003,-0.009999999999999995
2021-09-01,0.1,0.09,0.35,0.1,3.1,-2.75,-3.0100000000000002,0.010000000000000009
2021-10-01,0.1,0.09,0.34,0.11,4.2,-3.8600000000000003,-4.11,0.020000000000000004
2021-11-01,0.1,0.09,0.34,0.1,5.1,-4.76,-5.01,0.010000000000000009
2021-12-01,0.25,0.09,0.33,0.11,5.4,-5.07,-5.3100000000000005,0.020000000000000004
2022-01-01,0.25,0.09,0.38,0.11,5.5,-5.12,-5.41,0.020000000000000004
2022-02-01,0.5,0.1,0.4,0.11,6.2,-5.8,-6.1000000000000005,0.009999999999999995
2022-03-01,0.75,0.12,0.41,0.15,7.0,-6.59,-6.88,0.03
2022-04-01,0.75,0.15,0.45,0.21,9.0,-8.55,-8.85,0.06
2022-05-01,1.0,0.18,0.5,0.24,9.1,-8.6,-8.92,0.06
2022-06-01,1.25,0.21,0.54,0.29,9.4,-8.86,-9.19,0.07999999999999999
2022-07-01,1.25,0.27,0.63,0.4,10.1,-9.469999999999999,-9.83,0.13
2022-08-01,1.75,0.32,0.7,0.44,9.9,-9.200000000000001,-9.58,0.12
2022-09-01,2.25,0.43,0.87,0.6,10.1,-9.23,-9.67,0.16999999999999998
2022-10-01,2.25,0.52,1.07,0.89,11.1,-10.03,-10.58,0.37
2022-11-01,3.0,0.63,1.32,0.96,10.7,-9.379999999999999,-10.069999999999999,0.32999999999999996
2022-12-01,3.5,0.83,1.67,1.17,10.5,-8.83,-9.67,0.33999999999999997
2023-01-01,3.5,0.89,1.82,1.21,10.1,-8.28,-9.209999999999999,0.31999999999999995
2023-02-01,4.0,1.04,2.02,1.39,10.4,-8.38,-9.36,0.34999999999999987
2023-03-01,4.25,1.12,2.18,1.48,10.1,-7.92,-8.98,0.3599999999999999
2023-04-01,4.25,1.24,2.45,1.58,8.7,-6.249999999999999,-7.459999999999999,0.3400000000000001
2023-05-01,4.5,1.33,2.56,1.69,8.7,-6.139999999999999,-7.369999999999999,0.3599999999999999
2023-06-01,5.0,1.46,2.71,1.77,7.9,-5.19,-6.44,0.31000000000000005
2023-07-01,5.0,1.66,2.94,2.17,6.8,-3.86,-5.14,0.51
2023-08-01,5.25,1.83,3.18,2.49,6.7,-3.52,-4.87,0.6600000000000001
2023-09-01,5.25,1.96,3.37,2.68,6.7,-3.33,-4.74,0.7200000000000002
2023-10-01,5.25,1.99,3.51,2.7,4.6,-1.0899999999999999,-2.6099999999999994,0.7100000000000002
2023-11-01,5.25,2.03,3.62,2.72,3.9,-0.2799999999999998,-1.87,0.6900000000000004
2023-12-01,5.25,2.03,3.71,2.73,4.0,-0.29000000000000004,-1.9700000000000002,0.7000000000000002
2024-01-01,5.25,2.07,3.76,2.74,4.0,-0.2400000000000002,-1.9300000000000002,0.6700000000000004
2024-02-01,5.25,2.11,3.81,2.75,3.4,0.41000000000000014,-1.29,0.6400000000000001
2024-03-01,5.25,2.12,3.84,2.74,3.2,0.6399999999999997,-1.08,0.6200000000000001
2024-04-01,5.25,2.12,3.88,2.71,2.3,1.58,-0.17999999999999972,0.5899999999999999
2024-05-01,5.25,2.14,3.92,2.7,2.0,1.92,0.14000000000000012,0.56
2024-06-01,5.25,2.11,3.96,2.7,2.0,1.96,0.10999999999999988,0.5900000000000003
2024-07-01,5.25,2.14,3.97,2.7,2.2,1.77,-0.06000000000000005,0.56
2024-08-01,5.0,2.14,3.97,2.66,2.2,1.77,-0.06000000000000005,0.52
2024-09-01,5.0,2.12,3.93,2.6,1.7,2.2300000000000004,0.42000000000000015,0.48
2024-10-01,5.0,2.11,3.86,2.59,2.3,1.56,-0.18999999999999995,0.48
2024-11-01,4.75,2.21,3.8,2.61,2.6,1.1999999999999997,-0.3900000000000001,0.3999999999999999
2024-12-01,4.75,2.17,3.74,2.5,2.5,1.2400000000000002,-0.33000000000000007,0.33000000000000007
2025-01-01,4.75,2.11,3.69,2.51,3.0,0.69,-0.8900000000000001,0.3999999999999999
2025-02-01,4.5,2.09,3.66,2.47,2.8,0.8600000000000003,-0.71,0.38000000000000034
2025-03-01,4.5,2.01,3.62,2.36,2.6,1.02,-0.5900000000000003,0.3500000000000001
2025-04-01,4.5,1.99,3.61,2.36,3.5,0.10999999999999988,-1.51,0.3699999999999999
2025-05-01,4.25,1.96,3.61,2.33,3.4,0.20999999999999996,-1.44,0.3700000000000001
2025-06-01,4.25,1.91,3.57,2.28,3.6,-0.03000000000000025,-1.6900000000000002,0.3699999999999999
2025-07-01,4.25,1.89,3.53,2.24,3.8,-0.27,-1.91,0.3500000000000003
2025-08-01,4.0,1.84,3.49,2.19,3.8,-0.3099999999999996,-1.9599999999999997,0.34999999999999987
2025-09-01,4.0,1.81,3.42,2.14,3.8,-0.3799999999999999,-1.9899999999999998,0.33000000000000007
2025-10-01,4.0,1.77,3.37,2.11,3.6,-0.22999999999999998,-1.83,0.33999999999999986
2025-11-01,4.0,1.75,3.36,2.09,3.2,0.1599999999999997,-1.4500000000000002,0.33999999999999986
2025-12-01,3.75,1.75,3.35,2.09,3.4,-0.04999999999999982,-1.65,0.33999999999999986
2026-01-01,3.75,1.76,3.34,2.02,3.0,0.33999999999999986,-1.24,0.26
2026-02-01,3.75,1.72,3.31,1.98,3.0,0.31000000000000005,-1.28,0.26
2026-03-01,3.75,1.68,3.28,1.99,3.3,-0.020000000000000018,-1.6199999999999999,0.31000000000000005
2026-04-01,3.75,1.65,3.29,1.99,2.8,0.4900000000000002,-1.15,0.3400000000000001
2026-05-01,3.75,1.65,3.31,1.99,2.8,0.5100000000000002,-1.15,0.3400000000000001
2026-06-01,3.75,1.65,3.36,2.0,2.6,0.7599999999999998,-0.9500000000000002,0.3500000000000001
2026-07-01,3.75,1.65,3.39,1.94,2.9,0.4900000000000002,-1.25,0.29000000000000004
2026-08-01,3.75,,,1.9,,,,
2026-09-01,3.75,,,,,,,
